roll,subject,ut1,theory1,ut2,theory2,practical
1,English,20.0,40.0,20.0,60.0,19.0
2,English,20.0,42.0,19.0,62.0,20.0
3,English,18.0,37.0,19.0,60.0,19.0
4,English,17.0,35.0,18.0,52.0,20.0
5,English,20.0,40.0,19.0,59.0,19.0
6,English,16.0,33.0,17.0,52.0,19.0
7,English,20.0,40.0,19.0,60.0,20.0
8,English,19.0,38.0,20.0,58.0,19.0
9,English,21.0,43.0,21.0,62.0,20.0
10,English,16.0,32.0,17.0,54.0,19.0
11,English,20.0,40.0,18.0,60.0,20.0
12,English,21.0,42.0,20.0,62.0,18.0
13,English,18.0,36.0,19.0,54.0,19.0
14,English,16.0,32.0,17.0,48.0,20.0
15,English,18.0,37.0,19.0,54.0,17.0
16,English,20.0,40.0,20.0,60.0,18.0
17,English,19.0,37.0,20.0,57.0,19.0
18,English,18.0,36.0,19.0,54.0,20.0
19,English,20.0,41.0,20.0,60.0,18.0
20,English,20.0,40.0,20.0,60.0,19.0
21,English,18.0,36.0,19.0,54.0,20.0
22,English,17.0,32.0,18.0,51.0,17.0
23,English,19.0,39.0,20.0,54.0,18.0
24,English,16.0,33.0,17.0,57.0,19.0
25,English,15.0,31.0,16.0,60.0,20.0
26,English,16.0,34.0,17.0,54.0,18.0
27,English,17.0,35.0,18.0,57.0,19.0
28,English,16.0,33.0,17.0,57.0,19.0
29,English,20.0,41.0,19.0,60.0,20.0
30,English,0,0,0,0,0
31,English,20.0,42.0,20.0,51.0,17.0
32,English,17.0,40.0,18.0,54.0,18.0
33,English,17.0,39.0,18.0,57.0,19.0
34,English,19.0,39.0,20.0,60.0,20.0
35,English,16.0,33.0,17.0,54.0,18.0
36,English,16.0,34.0,17.0,54.0,18.0
37,English,20.0,40.0,21.0,57.0,19.0
38,English,17.0,35.0,18.0,60.0,20.0
39,English,14.0,29.0,16.0,60.0,20.0
40,English,15.0,30.0,17.0,60.0,20.0
41,English,19.0,39.0,20.0,54.0,18.0
42,English,16.0,33.0,18.0,57.0,19.0
43,English,17.0,35.0,19.0,54.0,18.0
44,English,20.0,41.0,20.0,57.0,19.0
45,English,16.0,33.0,20.0,60.0,20.0
46,English,21.0,41.0,19.0,58.0,19.0
47,English,16.0,33.0,17.0,57.0,19.0
48,English,20.0,40.0,20.0,54.0,18.0
49,English,20.0,41.0,21.0,51.0,17.0
50,English,20.0,42.0,20.0,57.0,19.0
51,English,19.0,39.0,20.0,54.0,18.0
52,English,17.0,34.0,18.0,55.0,18.0
53,English,19.0,38.0,19.0,54.0,18.0
54,English,20.0,40.0,19.0,58.0,19.0
55,English,17.0,34.0,18.0,55.0,18.0
56,English,17.0,35.0,18.0,58.0,19.0
57,English,20.0,40.0,20.0,61.0,20.0
58,English,20.0,40.0,19.0,55.0,18.0
59,English,19.0,38.0,20.0,54.0,18.0
60,English,19.0,38.0,20.0,62.0,20.0
61,English,19.0,38.0,19.0,54.0,18.0
62,English,18.0,40.0,19.0,58.0,19.0
63,English,16.0,33.0,18.0,60.0,20.0
64,English,17.0,35.0,18.0,55.0,18.0
65,English,18.0,36.0,19.0,53.0,18.0
66,English,18.0,37.0,19.0,58.0,19.0
67,English,19.0,38.0,19.0,54.0,18.0
68,English,19.0,39.0,20.0,55.0,18.0
69,English,16.0,33.0,17.0,58.0,19.0
70,English,17.0,35.0,18.0,59.0,19.0
71,English,18.0,39.0,19.0,55.0,18.0
72,English,16.0,33.0,17.0,54.0,18.0
73,English,17.0,35.0,18.0,57.0,19.0
74,English,16.0,33.0,17.0,54.0,18.0
75,English,18.0,37.0,19.0,58.0,19.0
76,English,17.0,36.0,18.0,55.0,18.0
77,English,16.0,32.0,17.0,56.0,18.0
78,English,17.0,35.0,17.0,54.0,18.0
79,English,20.0,40.0,20.0,58.0,19.0
80,English,16.0,32.0,17.0,54.0,18.0
81,English,20.0,40.0,20.0,53.0,18.0
82,English,17.0,34.0,18.0,52.0,18.0
83,English,16.0,33.0,17.0,56.0,19.0
84,English,17.0,34.0,18.0,50.0,17.0
85,English,20.0,40.0,20.0,61.0,20.0
86,English,18.0,36.0,19.0,55.0,18.0
87,English,19.0,39.0,18.0,54.0,17.0
88,English,18.0,36.0,18.0,59.0,19.0
89,English,18.0,36.0,19.0,61.0,20.0
90,English,19.0,38.0,20.0,60.0,20.0
91,English,18.0,37.0,19.0,58.0,19.0
92,English,18.0,37.0,19.0,55.0,18.0
93,English,16.0,33.0,17.0,54.0,18.0
94,English,17.0,35.0,18.0,50.0,17.0
95,English,17.0,34.0,18.0,54.0,18.0
96,English,18.0,36.0,19.0,57.0,19.0
97,English,16.0,32.0,17.0,57.0,19.0
98,English,20.0,40.0,20.0,54.0,18.0
99,English,16.0,37.0,17.0,51.0,17.0
100,English,16.0,32.0,17.0,55.0,18.0
101,English,20.0,40.0,21.0,17.0,50.0
102,English,22.0,43.0,20.0,51.0,18.0
103,English,18.0,36.0,19.0,50.0,17.0
104,English,18.0,36.0,19.0,54.0,18.0
105,English,18.0,36.0,19.0,58.0,19.0
106,English,19.0,38.0,20.0,57.0,19.0
107,English,21.0,42.0,20.0,54.0,18.0
108,English,18.0,36.0,19.0,57.0,19.0
109,English,19.0,38.0,20.0,60.0,20.0
110,English,17.0,34.0,18.0,60.0,20.0
111,English,0,0,0,0,0
112,English,20.0,40.0,21.0,54.0,18.0
113,English,17.0,35.0,18.0,57.0,19.0
114,English,17.0,35.0,18.0,60.0,20.0
115,English,18.0,36.0,19.0,60.0,19.0
116,English,16.0,32.0,17.0,61.0,20.0
117,English,21.0,41.0,20.0,54.0,18.0
118,English,20.0,42.0,20.0,51.0,17.0
119,English,20.0,42.0,20.0,51.0,17.0
120,English,19.0,38.0,20.0,55.0,18.0
1,Marathi,20.0,38.0,18.0,58.0,20.0
2,Marathi,14.0,38.0,17.0,62.0,20.0
3,Marathi,17.0,36.0,20.0,64.0,20.0
4,Marathi,12.0,27.0,14.0,60.0,20.0
5,Marathi,14.0,35.0,15.0,64.0,20.0
6,Marathi,17.0,40.0,20.0,62.0,20.0
7,Marathi,12.0,25.0,15.0,60.0,19.0
8,Marathi,14.0,30.0,17.0,62.0,20.0
9,Marathi,16.0,32.0,20.0,62.0,20.0
10,Marathi,12.0,28.0,15.0,60.0,20.0
11,Marathi,15.0,34.0,15.0,64.0,20.0
12,Marathi,17.0,32.0,20.0,60.0,20.0
13,Marathi,17.0,40.0,18.0,62.0,20.0
14,Marathi,12.0,32.0,15.0,60.0,20.0
15,Marathi,17.0,40.0,20.0,64.0,20.0
16,Marathi,14.0,34.0,17.0,58.0,20.0
17,Marathi,16.0,36.0,17.0,62.0,20.0
18,Marathi,12.0,30.0,15.0,55.0,20.0
19,Marathi,20.0,25.0,21.0,62.0,19.0
20,Marathi,16.0,38.0,18.0,60.0,20.0
21,Marathi,15.0,35.0,17.0,62.0,20.0
22,Marathi,17.0,38.0,20.0,64.0,20.0
23,Marathi,20.0,40.0,22.0,64.0,20.0
24,Marathi,20.0,38.0,22.0,74.0,20.0
25,Marathi,17.0,35.0,20.0,62.0,20.0
26,Marathi,15.0,32.0,18.0,60.0,20.0
27,Marathi,20.0,30.0,15.0,62.0,20.0
28,Marathi,20.0,28.0,17.0,70.0,19.0
29,Marathi,16.0,34.0,17.0,64.0,20.0
30,Marathi,0,0,0,0,0
31,Marathi,17.0,28.0,20.0,60.0,20.0
32,Marathi,15.0,24.0,20.0,58.0,19.0
33,Marathi,17.0,34.0,22.0,62.0,20.0
34,Marathi,17.0,32.0,20.0,64.0,20.0
35,Marathi,15.0,30.0,17.0,60.0,20.0
36,Marathi,14.0,24.0,17.0,64.0,20.0
37,Marathi,17.0,32.0,19.0,64.0,20.0
38,Marathi,14.0,30.0,17.0,60.0,20.0
39,Marathi,14.0,34.0,15.0,62.0,20.0
40,Marathi,17.0,38.0,20.0,64.0,20.0
41,Marathi,14.0,32.0,17.0,60.0,20.0
42,Marathi,17.0,34.0,20.0,62.0,20.0
43,Marathi,17.0,32.0,19.0,60.0,20.0
44,Marathi,20.0,40.0,21.0,64.0,20.0
45,Marathi,17.0,38.0,20.0,60.0,20.0
46,Marathi,20.0,40.0,21.0,64.0,20.0
47,Marathi,14.0,34.0,17.0,64.0,20.0
48,Marathi,20.0,30.0,15.0,60.0,19.0
49,Marathi,17.0,34.0,20.0,64.0,20.0
50,Marathi,15.0,32.0,17.0,68.0,20.0
51,Marathi,17.0,30.0,20.0,62.0,20.0
52,Marathi,17.0,32.0,20.0,60.0,20.0
53,Marathi,15.0,28.0,17.0,58.0,20.0
54,Marathi,17.0,32.0,20.0,62.0,20.0
55,Marathi,15.0,34.0,17.0,60.0,19.0
56,Marathi,17.0,34.0,18.0,64.0,20.0
57,Marathi,17.0,42.0,22.0,72.0,20.0
58,Marathi,15.0,32.0,17.0,60.0,20.0
59,Marathi,17.0,34.0,20.0,64.0,20.0
60,Marathi,15.0,32.0,17.0,62.0,20.0
61,Marathi,14.0,30.0,15.0,60.0,20.0
62,Marathi,14.0,32.0,15.0,58.0,20.0
63,Marathi,12.0,28.0,15.0,55.0,19.0
64,Marathi,17.0,34.0,20.0,64.0,20.0
65,Marathi,14.0,30.0,17.0,60.0,19.0
66,Marathi,14.0,30.0,15.0,62.0,20.0
67,Marathi,17.0,38.0,20.0,64.0,20.0
68,Marathi,14.0,32.0,20.0,60.0,20.0
69,Marathi,14.0,30.0,17.0,62.0,19.0
70,Marathi,17.0,40.0,20.0,64.0,20.0
71,Marathi,17.0,38.0,20.0,64.0,20.0
72,Marathi,20.0,42.0,22.0,70.0,20.0
73,Marathi,20.0,40.0,18.0,64.0,20.0
74,Marathi,17.0,38.0,17.0,60.0,20.0
75,Marathi,17.0,40.0,20.0,64.0,20.0
76,Marathi,20.0,38.0,17.0,68.0,20.0
77,Marathi,20.0,40.0,17.0,65.0,20.0
78,Marathi,18.0,40.0,20.0,62.0,20.0
79,Marathi,15.0,32.0,17.0,60.0,19.0
80,Marathi,17.0,38.0,20.0,64.0,20.0
81,Marathi,17.0,40.0,20.0,64.0,20.0
82,Marathi,20.0,40.0,22.0,68.0,20.0
83,Marathi,20.0,38.0,22.0,68.0,20.0
84,Marathi,18.0,32.0,20.0,65.0,20.0
85,Marathi,17.0,34.0,18.0,64.0,20.0
86,Marathi,15.0,32.0,17.0,62.0,20.0
87,Marathi,17.0,30.0,20.0,64.0,20.0
88,Marathi,14.0,27.0,17.0,60.0,20.0
89,Marathi,20.0,34.0,18.0,64.0,20.0
90,Marathi,20.0,32.0,17.0,64.0,20.0
91,Marathi,18.0,30.0,20.0,62.0,20.0
92,Marathi,20.0,32.0,18.0,64.0,20.0
93,Marathi,17.0,30.0,18.0,62.0,19.0
94,Marathi,17.0,34.0,20.0,64.0,20.0
95,Marathi,20.0,32.0,18.0,64.0,20.0
96,Marathi,17.0,30.0,18.0,62.0,20.0
97,Marathi,17.0,34.0,18.0,62.0,20.0
98,Marathi,15.0,32.0,20.0,64.0,20.0
99,Marathi,17.0,34.0,20.0,60.0,20.0
100,Marathi,12.0,30.0,17.0,58.0,20.0
101,Marathi,17.0,38.0,18.0,64.0,20.0
102,Marathi,17.0,35.0,18.0,62.0,20.0
103,Marathi,18.0,38.0,20.0,60.0,20.0
104,Marathi,17.0,34.0,17.0,58.0,20.0
105,Marathi,20.0,38.0,17.0,62.0,20.0
106,Marathi,17.0,35.0,19.0,64.0,20.0
107,Marathi,17.0,35.0,19.0,60.0,20.0
108,Marathi,18.0,38.0,17.0,58.0,20.0
109,Marathi,17.0,35.0,20.0,60.0,20.0
110,Marathi,15.0,32.0,17.0,62.0,20.0
111,Marathi,0,0,0,0,0
112,Marathi,17.0,34.0,20.0,62.0,20.0
113,Marathi,15.0,32.0,17.0,60.0,19.0
114,Marathi,14.0,30.0,20.0,54.0,20.0
115,Marathi,17.0,34.0,17.0,52.0,20.0
116,Marathi,15.0,34.0,18.0,62.0,20.0
117,Marathi,17.0,38.0,17.0,64.0,20.0
118,Marathi,17.0,36.0,20.0,62.0,20.0
119,Marathi,18.0,38.0,20.0,64.0,20.0
120,Marathi,17.0,38.0,18.0,62.0,20.0
1,Physics,17.0,45.0,20.0,60.0,30.0
2,Physics,18.0,36.0,17.0,42.0,30.0
3,Physics,16.0,36.0,17.0,34.0,29.0
4,Physics,14.0,28.0,17.0,35.0,27.0
5,Physics,17.0,38.0,20.0,59.0,30.0
6,Physics,16.0,38.0,17.0,37.0,27.0
7,Physics,16.0,25.0,18.0,40.0,28.0
8,Physics,14.0,28.0,18.0,45.0,28.0
9,Physics,17.0,46.0,20.0,55.0,30.0
10,Physics,18.0,32.0,19.0,32.0,27.0
11,Physics,20.0,35.0,18.0,50.0,28.0
12,Physics,16.0,45.0,20.0,60.0,30.0
13,Physics,18.0,36.0,16.0,40.0,28.0
14,Physics,14.0,36.0,17.0,35.0,28.0
15,Physics,16.0,35.0,17.0,45.0,30.0
16,Physics,17.0,35.0,20.0,57.0,30.0
17,Physics,16.0,34.0,18.0,48.0,30.0
18,Physics,15.0,27.0,13.0,37.0,27.0
19,Physics,14.0,28.0,20.0,45.0,28.0
20,Physics,17.0,39.0,17.0,46.0,30.0
21,Physics,17.0,38.0,16.0,40.0,30.0
22,Physics,18.0,30.0,15.0,36.0,28.0
23,Physics,16.0,38.0,20.0,50.0,30.0
24,Physics,18.0,40.0,20.0,60.0,28.0
25,Physics,14.0,35.0,17.0,30.0,27.0
26,Physics,16.0,35.0,16.0,36.0,27.0
27,Physics,17.0,44.0,16.0,62.0,28.0
28,Physics,16.0,40.0,17.0,55.0,28.0
29,Physics,16.0,35.0,20.0,55.0,30.0
30,Physics,0,0,0,0,0
31,Physics,14.0,36.0,17.0,39.0,27.0
32,Physics,15.0,34.0,17.0,40.0,28.0
33,Physics,15.0,37.0,19.0,36.0,28.0
34,Physics,16.0,38.0,20.0,50.0,27.0
35,Physics,15.0,46.0,18.0,50.0,28.0
36,Physics,14.0,46.0,16.0,35.0,29.0
37,Physics,17.0,39.0,17.0,45.0,30.0
38,Physics,15.0,35.0,17.0,30.0,27.0
39,Physics,17.0,34.0,17.0,36.0,27.0
40,Physics,18.0,36.0,16.0,30.0,28.0
41,Physics,16.0,40.0,20.0,50.0,28.0
42,Physics,14.0,39.0,16.0,41.0,29.0
43,Physics,15.0,40.0,15.0,38.0,29.0
44,Physics,17.0,39.0,20.0,43.0,30.0
45,Physics,16.0,46.0,19.0,45.0,30.0
46,Physics,17.0,46.0,20.0,63.0,30.0
47,Physics,17.0,37.0,17.0,28.0,28.0
48,Physics,16.0,44.0,20.0,50.0,28.0
49,Physics,16.0,45.0,18.0,35.0,30.0
50,Physics,16.0,42.0,17.0,35.0,30.0
51,Physics,15.0,35.0,16.0,38.0,29.0
52,Physics,14.0,32.0,16.0,34.0,28.0
53,Physics,16.0,27.0,15.0,30.0,28.0
54,Physics,17.0,28.0,17.0,30.0,28.0
55,Physics,17.0,30.0,16.0,35.0,28.0
56,Physics,16.0,32.0,17.0,35.0,28.0
57,Physics,18.0,45.0,20.0,57.0,30.0
58,Physics,13.0,40.0,17.0,34.0,30.0
59,Physics,12.0,35.0,17.0,30.0,29.0
60,Physics,14.0,28.0,16.0,35.0,29.0
61,Physics,15.0,30.0,16.0,46.0,29.0
62,Physics,16.0,32.0,17.0,42.0,29.0
63,Physics,17.0,31.0,16.0,40.0,30.0
64,Physics,15.0,35.0,15.0,48.0,29.0
65,Physics,14.0,34.0,16.0,45.0,29.0
66,Physics,20.0,36.0,16.0,50.0,28.0
67,Physics,16.0,37.0,17.0,50.0,30.0
68,Physics,16.0,30.0,16.0,50.0,30.0
69,Physics,15.0,30.0,15.0,50.0,30.0
70,Physics,13.0,32.0,14.0,44.0,30.0
71,Physics,14.0,34.0,16.0,46.0,28.0
72,Physics,16.0,32.0,17.0,39.0,29.0
73,Physics,16.0,45.0,16.0,45.0,30.0
74,Physics,16.0,33.0,15.0,35.0,29.0
75,Physics,15.0,35.0,19.0,58.0,30.0
76,Physics,14.0,36.0,17.0,38.0,28.0
77,Physics,16.0,36.0,16.0,46.0,29.0
78,Physics,17.0,33.0,16.0,40.0,29.0
79,Physics,17.0,31.0,20.0,48.0,29.0
80,Physics,18.0,35.0,17.0,39.0,28.0
81,Physics,16.0,32.0,20.0,63.0,30.0
82,Physics,18.0,44.0,18.0,50.0,30.0
83,Physics,14.0,30.0,17.0,39.0,29.0
84,Physics,16.0,28.0,17.0,42.0,29.0
85,Physics,17.0,28.0,20.0,50.0,30.0
86,Physics,15.0,32.0,15.0,41.0,30.0
87,Physics,17.0,33.0,16.0,37.0,29.0
88,Physics,16.0,30.0,17.0,44.0,29.0
89,Physics,14.0,36.0,17.0,62.0,30.0
90,Physics,15.0,29.0,16.0,46.0,28.0
91,Physics,16.0,30.0,16.0,30.0,27.0
92,Physics,17.0,32.0,16.0,39.0,27.0
93,Physics,16.0,29.0,17.0,35.0,28.0
94,Physics,16.0,31.0,17.0,38.0,28.0
95,Physics,15.0,30.0,15.0,30.0,29.0
96,Physics,15.0,30.0,16.0,53.0,30.0
97,Physics,15.0,30.0,17.0,48.0,28.0
98,Physics,18.0,40.0,20.0,58.0,30.0
99,Physics,16.0,39.0,18.0,47.0,29.0
100,Physics,14.0,37.0,17.0,40.0,29.0
101,Physics,13.0,36.0,18.0,45.0,30.0
102,Physics,15.0,46.0,20.0,49.0,30.0
103,Physics,14.0,39.0,17.0,40.0,29.0
104,Physics,16.0,30.0,16.0,45.0,29.0
105,Physics,15.0,40.0,18.0,56.0,30.0
106,Physics,17.0,46.0,17.0,38.0,28.0
107,Physics,16.0,45.0,20.0,60.0,30.0
108,Physics,14.0,39.0,16.0,54.0,30.0
109,Physics,16.0,38.0,17.0,46.0,29.0
110,Physics,15.0,36.0,17.0,45.0,29.0
111,Physics,0,0,0,0,0
112,Physics,17.0,46.0,20.0,60.0,30.0
113,Physics,16.0,34.0,17.0,40.0,29.0
114,Physics,15.0,28.0,18.0,38.0,28.0
115,Physics,14.0,34.0,17.0,55.0,30.0
116,Physics,18.0,42.0,16.0,38.0,29.0
117,Physics,14.0,36.0,21.0,65.0,30.0
118,Physics,14.0,40.0,20.0,58.0,30.0
119,Physics,16.0,39.0,20.0,59.0,30.0
120,Physics,14.0,35.0,16.0,47.0,29.0
1,Chemistry,18.0,34.0,18.0,60.0,30.0
2,Chemistry,13.0,30.0,16.0,55.0,30.0
3,Chemistry,14.0,29.0,16.0,41.0,30.0
4,Chemistry,16.0,26.0,18.0,50.0,28.0
5,Chemistry,18.0,34.0,16.0,63.0,29.0
6,Chemistry,15.0,29.0,17.0,45.0,30.0
7,Chemistry,14.0,23.0,15.0,48.0,28.0
8,Chemistry,13.0,25.0,15.0,45.0,30.0
9,Chemistry,18.0,35.0,19.0,56.0,30.0
10,Chemistry,13.0,29.0,17.0,39.0,30.0
11,Chemistry,14.0,36.0,16.0,54.0,30.0
12,Chemistry,19.0,36.0,19.0,59.0,29.0
13,Chemistry,16.0,30.0,21.0,55.0,30.0
14,Chemistry,10.0,25.0,15.0,50.0,30.0
15,Chemistry,15.0,35.0,20.0,54.0,30.0
16,Chemistry,19.0,36.0,20.0,53.0,30.0
17,Chemistry,18.0,40.0,15.0,53.0,30.0
18,Chemistry,15.0,25.0,17.0,41.0,30.0
19,Chemistry,17.0,38.0,19.0,54.0,30.0
20,Chemistry,15.0,25.0,17.0,47.0,30.0
21,Chemistry,13.0,35.0,14.0,44.0,30.0
22,Chemistry,10.0,23.0,20.0,51.0,30.0
23,Chemistry,15.0,30.0,23.0,66.0,30.0
24,Chemistry,19.0,36.0,20.0,63.0,30.0
25,Chemistry,16.0,18.0,15.0,47.0,30.0
26,Chemistry,10.0,28.0,11.0,41.0,30.0
27,Chemistry,14.0,39.0,15.0,59.0,29.0
28,Chemistry,12.0,39.0,16.0,58.0,29.0
29,Chemistry,15.0,36.0,20.0,59.0,30.0
30,Chemistry,0,0,0,0,0
31,Chemistry,12.0,30.0,20.0,58.0,30.0
32,Chemistry,13.0,28.0,18.0,40.0,29.0
33,Chemistry,15.0,26.0,15.0,48.0,30.0
34,Chemistry,14.0,39.0,22.0,55.0,30.0
35,Chemistry,15.0,26.0,14.0,46.0,29.0
36,Chemistry,14.0,21.0,15.0,45.0,27.0
37,Chemistry,15.0,29.0,24.0,62.0,30.0
38,Chemistry,14.0,22.0,18.0,49.0,29.0
39,Chemistry,14.0,17.0,16.0,46.0,29.0
40,Chemistry,11.0,29.0,15.0,40.0,29.0
41,Chemistry,18.0,38.0,16.0,56.0,30.0
42,Chemistry,11.0,28.0,19.0,52.0,30.0
43,Chemistry,16.0,21.0,13.0,42.0,28.0
44,Chemistry,19.0,35.0,20.0,56.0,30.0
45,Chemistry,14.0,29.0,17.0,50.0,30.0
46,Chemistry,18.0,36.0,15.0,61.0,30.0
47,Chemistry,15.0,22.0,14.0,42.0,29.0
48,Chemistry,16.0,36.0,20.0,50.0,30.0
49,Chemistry,16.0,30.0,20.0,60.0,30.0
50,Chemistry,16.0,35.0,21.0,58.0,30.0
51,Chemistry,15.0,35.0,21.0,61.0,30.0
52,Chemistry,13.0,34.0,19.0,46.0,30.0
53,Chemistry,12.0,25.0,19.0,46.0,30.0
54,Chemistry,14.0,36.0,18.0,50.0,30.0
55,Chemistry,14.0,11.0,18.0,50.0,29.0
56,Chemistry,15.0,19.0,15.0,43.0,28.0
57,Chemistry,18.0,39.0,19.0,60.0,30.0
58,Chemistry,16.0,29.0,15.0,51.0,29.0
59,Chemistry,16.0,22.0,15.0,45.0,30.0
60,Chemistry,14.0,23.0,15.0,48.0,30.0
61,Chemistry,15.0,28.0,18.0,45.0,30.0
62,Chemistry,9.0,25.0,18.0,41.0,29.0
63,Chemistry,10.0,17.0,16.0,49.0,30.0
64,Chemistry,12.0,29.0,19.0,54.0,30.0
65,Chemistry,15.0,17.0,17.0,44.0,29.0
66,Chemistry,18.0,36.0,18.0,53.0,27.0
67,Chemistry,15.0,24.0,18.0,53.0,30.0
68,Chemistry,14.0,30.0,15.0,47.0,30.0
69,Chemistry,15.0,36.0,20.0,55.0,30.0
70,Chemistry,15.0,29.0,15.0,47.0,28.0
71,Chemistry,19.0,30.0,18.0,55.0,30.0
72,Chemistry,14.0,35.0,19.0,42.0,28.0
73,Chemistry,10.0,20.0,15.0,45.0,30.0
74,Chemistry,12.0,27.0,15.0,36.0,30.0
75,Chemistry,15.0,36.0,16.0,55.0,30.0
76,Chemistry,10.0,20.0,17.0,43.0,30.0
77,Chemistry,12.0,37.0,20.0,55.0,30.0
78,Chemistry,9.0,30.0,19.0,38.0,30.0
79,Chemistry,18.0,30.0,18.0,58.0,30.0
80,Chemistry,16.0,29.0,20.0,58.0,29.0
81,Chemistry,18.0,30.0,18.0,66.0,30.0
82,Chemistry,8.0,21.0,19.0,46.0,30.0
83,Chemistry,9.0,25.0,15.0,41.0,30.0
84,Chemistry,8.0,24.0,14.0,44.0,30.0
85,Chemistry,16.0,38.0,16.0,55.0,29.0
86,Chemistry,8.0,20.0,16.0,49.0,29.0
87,Chemistry,15.0,22.0,20.0,41.0,30.0
88,Chemistry,11.0,24.0,14.0,45.0,30.0
89,Chemistry,18.0,35.0,15.0,63.0,29.0
90,Chemistry,6.0,23.0,18.0,43.0,30.0
91,Chemistry,14.0,19.0,12.0,48.0,29.0
92,Chemistry,14.0,16.0,16.0,52.0,30.0
93,Chemistry,9.0,24.0,10.0,49.0,28.0
94,Chemistry,9.0,15.0,18.0,54.0,30.0
95,Chemistry,15.0,22.0,17.0,40.0,30.0
96,Chemistry,7.0,29.0,17.0,38.0,29.0
97,Chemistry,10.0,29.0,12.0,50.0,29.0
98,Chemistry,18.0,36.0,17.0,56.0,29.0
99,Chemistry,8.0,23.0,16.0,46.0,29.0
100,Chemistry,10.0,27.0,13.0,48.0,26.0
101,Chemistry,11.0,29.0,20.0,50.0,30.0
102,Chemistry,15.0,34.0,18.0,63.0,30.0
103,Chemistry,12.0,28.0,17.0,49.0,30.0
104,Chemistry,14.0,27.0,12.0,56.0,29.0
105,Chemistry,9.0,34.0,19.0,50.0,30.0
106,Chemistry,8.0,28.0,11.0,45.0,30.0
107,Chemistry,16.0,35.0,18.0,58.0,29.0
108,Chemistry,7.0,23.0,16.0,52.0,28.0
109,Chemistry,12.0,24.0,10.0,50.0,30.0
110,Chemistry,9.0,23.0,16.0,50.0,30.0
111,Chemistry,0,0,0,0,0
112,Chemistry,12.0,38.0,18.0,61.0,29.0
113,Chemistry,14.0,36.0,18.0,54.0,30.0
114,Chemistry,10.0,24.0,14.0,43.0,29.0
115,Chemistry,10.0,25.0,19.0,50.0,30.0
116,Chemistry,13.0,20.0,12.0,45.0,30.0
117,Chemistry,14.0,34.0,19.0,59.0,30.0
118,Chemistry,13.0,33.0,19.0,59.0,30.0
119,Chemistry,16.0,35.0,22.0,57.0,30.0
120,Chemistry,15.0,28.0,20.0,59.0,30.0
1,Biology,15.0,29.0,24.0,62.0,30.0
2,Biology,18.0,36.0,18.0,53.0,29.0
3,Biology,16.0,37.0,16.0,33.0,28.0
4,Biology,10.0,32.0,13.0,38.0,29.0
5,Biology,15.0,30.0,23.0,66.0,30.0
6,Biology,14.0,30.0,13.0,43.0,28.0
7,Biology,13.0,29.0,12.0,48.0,28.0
8,Biology,15.0,30.0,15.0,35.0,28.0
9,Biology,19.0,36.0,19.0,59.0,29.0
10,Biology,12.0,28.0,14.0,46.0,28.0
11,Biology,14.0,35.0,20.0,58.0,30.0
12,Biology,12.0,30.0,25.0,58.0,30.0
13,Biology,18.0,37.0,19.0,51.0,28.0
14,Biology,15.0,30.0,12.0,40.0,28.0
15,Biology,19.0,38.0,17.0,58.0,28.0
16,Biology,18.0,36.0,18.0,53.0,30.0
17,Biology,17.0,32.0,18.0,61.0,28.0
18,Biology,17.0,32.0,19.0,26.0,27.0
19,Biology,18.0,37.0,18.0,52.0,28.0
20,Biology,13.0,28.0,15.0,55.0,29.0
21,Biology,15.0,29.0,13.0,55.0,29.0
22,Biology,14.0,31.0,13.0,39.0,27.0
23,Biology,17.0,35.0,20.0,57.0,30.0
24,Biology,17.0,38.0,20.0,59.0,30.0
25,Biology,12.0,32.0,12.0,50.0,28.0
26,Biology,13.0,29.0,16.0,42.0,27.0
27,Biology,15.0,35.0,16.0,59.0,28.0
28,Biology,17.0,35.0,20.0,57.0,30.0
29,Biology,14.0,32.0,16.0,64.0,27.0
30,Biology,0,0,0,0,0
31,Biology,19.0,38.0,21.0,54.0,28.0
32,Biology,15.0,30.0,14.0,40.0,28.0
33,Biology,12.0,31.0,15.0,49.0,28.0
34,Biology,17.0,39.0,17.0,46.0,30.0
35,Biology,19.0,38.0,16.0,45.0,28.0
36,Biology,13.0,29.0,14.0,40.0,28.0
37,Biology,17.0,36.0,18.0,61.0,28.0
38,Biology,13.0,28.0,15.0,49.0,27.0
39,Biology,10.0,25.0,13.0,49.0,26.0
40,Biology,17.0,27.0,16.0,35.0,27.0
41,Biology,16.0,26.0,20.0,50.0,28.0
42,Biology,15.0,32.0,16.0,43.0,28.0
43,Biology,12.0,29.0,17.0,42.0,27.0
44,Biology,18.0,29.0,16.0,58.0,30.0
45,Biology,15.0,29.0,13.0,48.0,28.0
46,Biology,20.0,31.0,15.0,61.0,28.0
47,Biology,16.0,30.0,14.0,35.0,27.0
48,Biology,20.0,39.0,17.0,45.0,28.0
49,Biology,14.0,30.0,15.0,53.0,28.0
50,Biology,16.0,33.0,16.0,57.0,28.0
51,Biology,21.0,39.0,20.0,59.0,28.0
52,Biology,13.0,29.0,16.0,35.0,27.0
53,Biology,14.0,28.0,17.0,41.0,28.0
54,Biology,15.0,30.0,16.0,36.0,28.0
55,Biology,12.0,28.0,16.0,44.0,28.0
56,Biology,13.0,27.0,14.0,44.0,28.0
57,Biology,19.0,39.0,18.0,63.0,30.0
58,Biology,16.0,32.0,14.0,39.0,27.0
59,Biology,13.0,28.0,13.0,42.0,28.0
60,Biology,11.0,31.0,16.0,36.0,28.0
61,Biology,16.0,33.0,14.0,49.0,28.0
62,Biology,12.0,28.0,16.0,38.0,27.0
63,Biology,14.0,29.0,18.0,35.0,27.0
64,Biology,13.0,28.0,14.0,66.0,28.0
65,Biology,16.0,27.0,15.0,43.0,27.0
66,Biology,20.0,31.0,15.0,58.0,28.0
67,Biology,12.0,30.0,13.0,51.0,27.0
68,Biology,14.0,29.0,15.0,44.0,27.0
69,Biology,13.0,30.0,12.0,52.0,28.0
70,Biology,12.0,31.0,13.0,46.0,27.0
71,Biology,17.0,35.0,18.0,48.0,28.0
72,Biology,16.0,34.0,15.0,46.0,27.0
73,Biology,12.0,30.0,13.0,45.0,28.0
74,Biology,13.0,29.0,15.0,48.0,27.0
75,Biology,18.0,35.0,17.0,64.0,28.0
76,Biology,13.0,30.0,15.0,41.0,27.0
77,Biology,15.0,28.0,14.0,62.0,27.0
78,Biology,13.0,29.0,15.0,39.0,27.0
79,Biology,20.0,28.0,19.0,51.0,28.0
80,Biology,12.0,30.0,11.0,45.0,28.0
81,Biology,13.0,29.0,16.0,65.0,28.0
82,Biology,14.0,28.0,13.0,41.0,27.0
83,Biology,12.0,30.0,12.0,42.0,28.0
84,Biology,13.0,29.0,13.0,45.0,27.0
85,Biology,20.0,28.0,19.0,55.0,28.0
86,Biology,12.0,25.0,16.0,43.0,28.0
87,Biology,16.0,28.0,13.0,42.0,27.0
88,Biology,12.0,30.0,14.0,52.0,28.0
89,Biology,19.0,29.0,18.0,66.0,27.0
90,Biology,15.0,30.0,15.0,62.0,26.0
91,Biology,10.0,32.0,14.0,44.0,28.0
92,Biology,11.0,31.0,13.0,60.0,27.0
93,Biology,12.0,30.0,13.0,48.0,28.0
94,Biology,16.0,29.0,14.0,50.0,27.0
95,Biology,15.0,28.0,12.0,43.0,28.0
96,Biology,18.0,30.0,19.0,37.0,27.0
97,Biology,14.0,35.0,16.0,39.0,28.0
98,Biology,13.0,34.0,12.0,65.0,28.0
99,Biology,12.0,32.0,13.0,48.0,28.0
100,Biology,10.0,33.0,11.0,41.0,27.0
101,Biology,14.0,32.0,13.0,50.0,27.0
102,Biology,20.0,30.0,19.0,64.0,28.0
103,Biology,12.0,34.0,13.0,43.0,27.0
104,Biology,16.0,30.0,12.0,42.0,28.0
105,Biology,17.0,30.0,13.0,48.0,27.0
106,Biology,15.0,28.0,14.0,53.0,28.0
107,Biology,18.0,33.0,16.0,56.0,27.0
108,Biology,15.0,30.0,10.0,42.0,28.0
109,Biology,17.0,34.0,17.0,55.0,28.0
110,Biology,14.0,36.0,15.0,44.0,28.0
111,Biology,0,0,0,0,0
112,Biology,10.0,33.0,16.0,57.0,26.0
113,Biology,14.0,30.0,16.0,64.0,28.0
114,Biology,15.0,34.0,13.0,34.0,27.0
115,Biology,16.0,30.0,13.0,59.0,28.0
116,Biology,15.0,29.0,16.0,35.0,27.0
117,Biology,18.0,33.0,16.0,58.0,28.0
118,Biology,17.0,34.0,15.0,61.0,28.0
119,Biology,20.0,36.0,16.0,56.0,27.0
120,Biology,17.0,35.0,18.0,54.0,28.0
1,Math,18.0,20.0,18.0,77.0,18.0
2,Math,17.0,26.0,19.0,64.0,20.0
3,Math,19.0,25.0,18.0,50.0,20.0
4,Math,20.0,24.0,15.0,45.0,20.0
5,Math,18.0,36.0,16.0,60.0,19.0
6,Math,18.0,29.0,12.0,60.0,19.0
7,Math,0,0,0,0,0
8,Math,0,0,0,0,0
9,Math,0,0,0,0,0
10,Math,0,0,0,0,0
11,Math,0,0,0,0,0
12,Math,0,0,0,0,0
13,Math,20.0,32.0,18.0,54.0,20.0
14,Math,19.0,24.0,12.0,47.0,20.0
15,Math,16.0,29.0,19.0,68.0,19.0
16,Math,15.0,35.0,17.0,63.0,19.0
17,Math,0,0,0,0,0
18,Math,0,0,0,0,0
19,Math,20.0,33.0,22.0,47.0,20.0
20,Math,18.0,28.0,15.0,72.0,18.0
21,Math,0,0,0,0,0
22,Math,19.0,33.0,16.0,65.0,19.0
23,Math,0,0,0,0,0
24,Math,20.0,28.0,22.0,76.0,20.0
25,Math,20.0,26.0,16.0,32.0,20.0
26,Math,16.0,24.0,17.0,53.0,20.0
27,Math,17.0,30.0,20.0,71.0,19.0
28,Math,21.0,26.0,21.0,75.0,19.0
29,Math,19.0,27.0,15.0,67.0,19.0
30,Math,0,0,0,0,0
31,Math,15.0,29.0,19.0,59.0,20.0
32,Math,18.0,30.0,15.0,39.0,20.0
33,Math,17.0,26.0,19.0,45.0,20.0
34,Math,22.0,40.0,19.0,36.0,20.0
35,Math,17.0,31.0,19.0,56.0,20.0
36,Math,12.0,27.0,18.0,61.0,19.0
37,Math,16.0,30.0,18.0,74.0,18.0
38,Math,14.0,28.0,12.0,72.0,18.0
39,Math,14.0,24.0,16.0,50.0,20.0
40,Math,16.0,26.0,16.0,50.0,20.0
41,Math,17.0,39.0,20.0,49.0,20.0
42,Math,16.0,30.0,18.0,63.0,19.0
43,Math,15.0,28.0,14.0,62.0,19.0
44,Math,17.0,36.0,20.0,57.0,20.0
45,Math,12.0,31.0,14.0,63.0,19.0
46,Math,14.0,29.0,11.0,78.0,18.0
47,Math,13.0,31.0,17.0,54.0,20.0
48,Math,20.0,28.0,20.0,54.0,20.0
49,Math,16.0,35.0,13.0,74.0,20.0
50,Math,15.0,34.0,12.0,78.0,18.0
51,Math,17.0,36.0,13.0,72.0,18.0
52,Math,0,0,0,0,0
53,Math,13.0,29.0,19.0,41.0,20.0
54,Math,16.0,30.0,19.0,43.0,20.0
55,Math,18.0,37.0,18.0,52.0,20.0
56,Math,17.0,27.0,19.0,47.0,20.0
57,Math,21.0,29.0,20.0,75.0,20.0
58,Math,19.0,32.0,15.0,56.0,20.0
59,Math,11.0,31.0,17.0,64.0,19.0
60,Math,0,0,0,0,0
61,Math,16.0,31.0,12.0,75.0,19.0
62,Math,12.0,30.0,16.0,65.0,19.0
63,Math,18.0,27.0,16.0,52.0,20.0
64,Math,14.0,28.0,12.0,66.0,18.0
65,Math,12.0,26.0,11.0,67.0,19.0
66,Math,14.0,25.0,21.0,60.0,19.0
67,Math,0,0,0,0,0
68,Math,17.0,22.0,18.0,61.0,20.0
69,Math,19.0,39.0,18.0,77.0,19.0
70,Math,20.0,23.0,19.0,56.0,20.0
71,Math,13.0,29.0,17.0,64.0,19.0
72,Math,19.0,28.0,18.0,57.0,20.0
73,Math,20.0,26.0,14.0,37.0,20.0
74,Math,16.0,30.0,14.0,44.0,20.0
75,Math,19.0,39.0,16.0,55.0,20.0
76,Math,18.0,31.0,15.0,57.0,20.0
77,Math,12.0,29.0,14.0,65.0,19.0
78,Math,19.0,28.0,17.0,57.0,20.0
79,Math,17.0,36.0,21.0,48.0,20.0
80,Math,13.0,28.0,18.0,62.0,19.0
81,Math,19.0,20.0,15.0,77.0,18.0
82,Math,20.0,29.0,27.0,43.0,20.0
83,Math,20.0,26.0,16.0,54.0,20.0
84,Math,19.0,27.0,19.0,54.0,20.0
85,Math,20.0,38.0,15.0,54.0,20.0
86,Math,14.0,22.0,14.0,62.0,19.0
87,Math,12.0,29.0,17.0,63.0,19.0
88,Math,15.0,26.0,18.0,60.0,19.0
89,Math,19.0,29.0,13.0,78.0,18.0
90,Math,10.0,22.0,12.0,67.0,19.0
91,Math,0,0,0,0,0
92,Math,0,0,0,0,0
93,Math,19.0,30.0,17.0,28.0,20.0
94,Math,20.0,31.0,18.0,44.0,20.0
95,Math,0,0,0,0,0
96,Math,18.0,30.0,15.0,56.0,20.0
97,Math,19.0,29.0,17.0,52.0,20.0
98,Math,20.0,39.0,27.0,42.0,20.0
99,Math,20.0,29.0,14.0,47.0,20.0
100,Math,16.0,30.0,15.0,52.0,20.0
101,Math,13.0,31.0,12.0,60.0,20.0
102,Math,19.0,27.0,13.0,77.0,18.0
103,Math,19.0,26.0,18.0,48.0,20.0
104,Math,20.0,30.0,19.0,46.0,20.0
105,Math,19.0,28.0,18.0,50.0,20.0
106,Math,20.0,26.0,17.0,28.0,20.0
107,Math,20.0,26.0,16.0,62.0,19.0
108,Math,16.0,30.0,19.0,46.0,20.0
109,Math,18.0,24.0,20.0,50.0,20.0
110,Math,20.0,31.0,19.0,51.0,20.0
111,Math,0,0,0,0,0
112,Math,19.0,25.0,16.0,68.0,20.0
113,Math,12.0,28.0,19.0,72.0,18.0
114,Math,18.0,30.0,16.0,28.0,20.0
115,Math,16.0,22.0,15.0,65.0,19.0
116,Math,19.0,26.0,16.0,32.0,20.0
117,Math,20.0,27.0,14.0,78.0,18.0
118,Math,20.0,25.0,13.0,75.0,18.0
119,Math,0,0,0,0,0
120,Math,19.0,30.0,20.0,57.0,20.0
1,Geography,0,0,0,0,0
2,Geography,0,0,0,0,0
3,Geography,0,0,0,0,0
4,Geography,0,0,0,0,0
5,Geography,0,0,0,0,0
6,Geography,0,0,0,0,0
7,Geography,21.0,39.0,21.0,60.0,19.0
8,Geography,22.0,44.0,23.0,63.0,20.0
9,Geography,24.0,46.0,23.0,67.0,20.0
10,Geography,20.0,45.0,21.0,62.0,20.0
11,Geography,19.0,41.0,20.0,57.0,19.0
12,Geography,24.0,46.0,23.0,67.0,20.0
13,Geography,0,0,0,0,0
14,Geography,0,0,0,0,0
15,Geography,0,0,0,0,0
16,Geography,0,0,0,0,0
17,Geography,21.0,41.0,20.0,70.0,18.0
18,Geography,18.0,48.0,21.0,51.0,19.0
19,Geography,0,0,0,0,0
20,Geography,0,0,0,0,0
21,Geography,21.0,46.0,22.0,63.0,19.0
22,Geography,0,0,0,0,0
23,Geography,23.0,46.0,24.0,68.0,20.0
24,Geography,0,0,0,0,0
25,Geography,0,0,0,0,0
26,Geography,0,0,0,0,0
27,Geography,0,0,0,0,0
28,Geography,0,0,0,0,0
29,Geography,0,0,0,0,0
30,Geography,0,0,0,0,0
31,Geography,0,0,0,0,0
32,Geography,0,0,0,0,0
33,Geography,0,0,0,0,0
34,Geography,0,0,0,0,0
35,Geography,0,0,0,0,0
36,Geography,0,0,0,0,0
37,Geography,0,0,0,0,0
38,Geography,0,0,0,0,0
39,Geography,0,0,0,0,0
40,Geography,0,0,0,0,0
41,Geography,0,0,0,0,0
42,Geography,0,0,0,0,0
43,Geography,0,0,0,0,0
44,Geography,0,0,0,0,0
45,Geography,0,0,0,0,0
46,Geography,0,0,0,0,0
47,Geography,0,0,0,0,0
48,Geography,0,0,0,0,0
49,Geography,0,0,0,0,0
50,Geography,0,0,0,0,0
51,Geography,0,0,0,0,0
52,Geography,24.0,48.0,24.0,52.0,20.0
53,Geography,0,0,0,0,0
54,Geography,0,0,0,0,0
55,Geography,0,0,0,0,0
56,Geography,0,0,0,0,0
57,Geography,0,0,0,0,0
58,Geography,0,0,0,0,0
59,Geography,0,0,0,0,0
60,Geography,24.0,48.0,24.0,47.0,20.0
61,Geography,0,0,0,0,0
62,Geography,0,0,0,0,0
63,Geography,0,0,0,0,0
64,Geography,0,0,0,0,0
65,Geography,0,0,0,0,0
66,Geography,0,0,0,0,0
67,Geography,23.0,45.0,24.0,68.0,20.0
68,Geography,0,0,0,0,0
69,Geography,0,0,0,0,0
70,Geography,0,0,0,0,0
71,Geography,0,0,0,0,0
72,Geography,0,0,0,0,0
73,Geography,0,0,0,0,0
74,Geography,0,0,0,0,0
75,Geography,0,0,0,0,0
76,Geography,0,0,0,0,0
77,Geography,0,0,0,0,0
78,Geography,0,0,0,0,0
79,Geography,0,0,0,0,0
80,Geography,0,0,0,0,0
81,Geography,0,0,0,0,0
82,Geography,0,0,0,0,0
83,Geography,0,0,0,0,0
84,Geography,0,0,0,0,0
85,Geography,0,0,0,0,0
86,Geography,0,0,0,0,0
87,Geography,0,0,0,0,0
88,Geography,0,0,0,0,0
89,Geography,0,0,0,0,0
90,Geography,0,0,0,0,0
91,Geography,24.0,47.0,24.0,56.0,20.0
92,Geography,24.0,48.0,24.0,47.0,20.0
93,Geography,0,0,0,0,0
94,Geography,0,0,0,0,0
95,Geography,22.0,46.0,23.0,64.0,19.0
96,Geography,0,0,0,0,0
97,Geography,0,0,0,0,0
98,Geography,0,0,0,0,0
99,Geography,0,0,0,0,0
100,Geography,0,0,0,0,0
101,Geography,0,0,0,0,0
102,Geography,0,0,0,0,0
103,Geography,0,0,0,0,0
104,Geography,0,0,0,0,0
105,Geography,0,0,0,0,0
106,Geography,0,0,0,0,0
107,Geography,0,0,0,0,0
108,Geography,0,0,0,0,0
109,Geography,0,0,0,0,0
110,Geography,0,0,0,0,0
111,Geography,0,0,0,0,0
112,Geography,0,0,0,0,0
113,Geography,0,0,0,0,0
114,Geography,0,0,0,0,0
115,Geography,0,0,0,0,0
116,Geography,0,0,0,0,0
117,Geography,0,0,0,0,0
118,Geography,0,0,0,0,0
119,Geography,22.0,46.0,20.0,64.0,20.0
120,Geography,0,0,0,0,0
